name,total,correct,incorrect,not_found,accuracy
HomePro,2427,2079,299,49,85.66131025957972
GlobalHouse,105,92,13,0,87.61904761904762
Boonthavorn,191,169,21,1,88.48167539267016
DoHome,955,828,108,19,86.70157068062828
